"Miel","35"
"Feral Interactive (Mac)","31"
"Valve","30"
"Winged Cloud","28"
"Telltale Games","27"
"PopCap Games, Inc.","24"
"id Software","23"
"Ubisoft Montreal","21"
"Square Enix","21"
"Feral Interactive (Linux)","21"
"Firaxis Games","19"
"CAPCOM Co., Ltd.","18"
"Relic Entertainment","16"
"Gearbox Software","16"
"Quiet River","15"
"GSC Game World","15"
"Daedalic Entertainment","15"
"CREATIVE ASSEMBLY","15"
"Norn","14"
"BioWare","14"
"Traveller's Tales","13"
"Team17 Digital Ltd","13"
"Microids","13"
"Croteam","13"
"SEGA","12"
"LucasArts","12"
"Fulqrum Publishing","12"
"Crystal Dynamics","12"
"Capcom","12"
"SimBin","11"
"Raven Software","11"
"Paradox Development Studio","11"
"Nihon Falcom","11"
"MicroProse Software, Inc","11"
"Infinity Ward","11"
"Double Fine Productions","11"
"Codemasters","11"
"Bethesda Game Studios","11"
"Ryu Ga Gotoku Studio","10"
"Rebellion","10"
"Nightdive Studios","10"
"NeocoreGames","10"
"Klei Entertainment","10"
"Frogwares","10"
"Forever Entertainment S. A.","10"
"Aspyr (Mac)","10"
"Techland","9"
"Cyanide Studio","9"
"Bohemia Interactive","9"
"Arkane Studios","9"
"aNCHOR Inc.","9"
"Zachtronics","8"
"Wastelands Interactive","8"
"Volition","8"
"Visual Concepts","8"
"Ubisoft Montpellier","8"
"Treyarch","8"
"Obsidian Entertainment","8"
"Larian Studios","8"
"KADOKAWA","8"
"Haemimont Games","8"
"Gotcha Gotcha Games","8"
"Frontwing","8"
"FromSoftware, Inc.","8"
"Yoji Ojima","7"
"SpinTop Games","7"
"Spike Chunsoft Co., Ltd.","7"
"Spiderweb Software","7"
"Racing Bros","7"
"QLOC","7"
"ONEONE1","7"
"Nadeo","7"
"inXile Entertainment","7"
"Gaijin Games","7"
"Forgotten Empires","7"
"EnsenaSoft","7"
"DICE","7"
"Dejobaan Games, LLC","7"
"Crytek","7"
"Avalanche Studios","7"
"Assemble Entertainment","7"
"Acerola","7"
"11 bit studios","7"
"TT Games","6"
"Towndarktales","6"
"Telltale","6"
"Tale of Tales","6"
"Supermassive Games","6"
"Stardock Entertainment","6"
"Spiders","6"
"Sierra Entertainment","6"
"Sierra","6"
"Saber Interactive","6"
"Realmforge Studios","6"
"Pilgrim Adventures","6"
"NovaLogic","6"
"Introversion Software","6"
"Gas Powered Games","6"
"Funcom","6"
"Frozenbyte","6"
"Frontier Developments","6"
"Eugen Systems","6"
"Egosoft","6"
"EA Los Angeles","6"
"DONTNOD Entertainment","6"
"Digital Extremes","6"
"Cyanide Studios","6"
"Core Design","6"
"CD PROJEKT RED","6"
"BANDAI NAMCO Studios Inc.","6"
"ATLUS","6"
"Aspyr (Linux)","6"
"Arc System Works","6"
"World's Edge","5"
"Westwood Studios","5"
"Ubisoft","5"
"Two Tribes","5"
"Triumph Studios","5"
"Tripwire Interactive","5"
"Total Mayhem Games","5"
"Tindalos Interactive","5"
"Team17","5"
"Supergiant Games","5"
"Spellbound","5"
"Snkl Studio","5"
"Sledgehammer Games","5"
"Sierra Lee","5"
"Rocksteady Studios","5"
"Revolution Software Ltd","5"
"Remedy Entertainment","5"
"Reality Pump Studios","5"
"Petroglyph","5"
"Pendulo Studios","5"
"Ninja Theory","5"
"Might and Delight","5"
"Looking Glass Studios","5"
"KONAMI","5"
"KING Art","5"
"Irrational Games","5"
"Illwinter Game Design","5"
"Harebrained Schemes","5"
"GrabTheGames Studios","5"
"fuzz, Inc.","5"
"Epic Games, Inc.","5"
"Eidos-Montr√©al","5"
"Digital Reality","5"
"Dieselmine","5"
"Deck Nine","5"
"Coffee Stain Studios","5"
"City Interactive","5"
"Astronomic Games","5"
"Artefacts Studio","5"
"Ankama Studio","5"
"Animation Arts","5"
"AMPLITUDE Studios","5"
"Amanita Design","5"
"ACE Team","5"
"Access Software","5"
"Abstraction Games","5"
"4A Games","5"
"2K Australia","5"
"Warfare Studios","4"
"Wales Interactive","4"
"Vlambeer","4"
"Virtual Basement LLC","4"
"Vile Monarch","4"
"Vigil Games","4"
"Vertigo Games","4"
"Unknown Worlds Entertainment","4"
"THQ Nordic","4"
"Thomas Bowker","4"
"The Chinese Room","4"
"Team Reptile","4"
"Streum On Studio","4"
"Splash Damage","4"
"Sonalysts","4"
"Silent Dreams","4"
"Shiro Games","4"
"Shiny Shoe","4"
"SCS Software","4"
"SC Jogos","4"
"Rockstar North","4"
"Rockstar Games","4"
"Robot Entertainment","4"
"Ritual Games","4"
"Ritual Entertainment","4"
"Quantic Dream","4"
"Pyro Studios","4"
"PlatinumGames","4"
"Piranha Bytes","4"
"Pandemic Studios","4"
"Owlchemy Labs","4"
"Oddworld Inhabitants","4"
"New Reality Games","4"
"NetherRealm Studios","4"
"Muse Games","4"
"Moon Studios GmbH","4"
"Monte Cristo","4"
"Monolith Productions, Inc.","4"
"Matthew Brown","4"
"MachineGames","4"
"Landfall","4"
"KOEI TECMO GAMES CO., LTD.","4"
"Jutsu Games","4"
"Jackbox Games, Inc.","4"
"IO Interactive A/S","4"
"Inceton Games","4"
"Hopoo Games","4"
"High Voltage Software","4"
"Hello There Games","4"
"Gunfire Games","4"
"General Arcade","4"
"Gamesforgames","4"
"Free Lives","4"
"Firefly Studios","4"
"Fatshark","4"
"exosyphen studios","4"
"Ensemble Studios","4"
"Edmund McMillen","4"
"Dovetail Games","4"
"Digitalmindsoft","4"
"Deck13","4"
"Daybreak Game Company","4"
"Cipher Prime Studios","4"
"CI Games","4"
"Blendo Games","4"
"baron sengia","4"
"Arrowhead Game Studios","4"
"34BigThings srl","4"
"343 Industries","4"
"07th Expansion","4"
"ZOOM Platform Media","3"
"WayForward","3"
"ViNovella Games","3"
"Unicorn Games Studio","3"
"Undead Labs","3"
"Tribute Games Inc.","3"
"Toxic Games","3"
"Toge Productions","3"
"Tin Man Games","3"
"Timegate","3"
"Tilted Mill Entertainment, Inc.","3"
"The Lordz Games Studio","3"
"The Behemoth","3"
"Terry Cavanagh","3"
"Tequila Works","3"
"Tate Multimedia","3"
"Targem Games","3"
"Tantalus Media","3"
"TaleWorlds Entertainment","3"
"Swing Swing Submarine","3"
"Suspicious Developments","3"
"SUPERHOT Team","3"
"Sumo Digital","3"
"Stunlock Studios","3"
"Spearhead Games","3"
"Spark Unlimited","3"
"SNK CORPORATION","3"
"SMG Studio","3"
"Slightly Mad Studios","3"
"Sleepy Duck","3"
"SkyGoblin","3"
"Size Five Games","3"
"Sierra On-Line","3"
"Rusty Lake","3"
"Runic Games","3"
"Ronimo Games","3"
"Roll7","3"
"Robot Gentleman","3"
"Reverie World Studios","3"
"Red Thread Games","3"
"Red Storm Entertainment","3"
"Q-Games Ltd.","3"
"PopTop","3"
"Playful Corp.","3"
"PiGravity","3"
"Passtech Games","3"
"Outerlight Ltd.","3"
"Orange_Juice","3"
"One More Level","3"
"Noio","3"
"Nixxes","3"
"Nitro Games","3"
"Nicalis, Inc.","3"
"Mossmouth","3"
"MicroProse Software","3"
"MercurySteam","3"
"Mediatonic","3"
"Massive Damage, Inc.","3"
"Little Orbit","3"
"Labyrinthine","3"
"Krillbite Studio","3"
"Kheops Studio","3"
"KAIKO","3"
"Jordan Freeman Group","3"
"Jesse Makkonen","3"
"Ishtar Games","3"
"Ion Storm","3"
"Io-Interactive A/S","3"
"IO Interactive","3"
"Instinct Games","3"
"Ino-Co Plus","3"
"Impressions Games","3"
"Image & Form Games","3"
"Ice-Pick Lodge","3"
"Hidden Path Entertainment","3"
"Hello Games","3"
"Hasoyua","3"
"Hangar 13","3"
"Grace Bruxner","3"
"Games Farm","3"
"FuturLab","3"
"Frictional Games","3"
"Flying Wild Hog","3"
"Feral Interactive (Mac/Linux)","3"
"Feral Interactive","3"
"Elephant Games","3"
"Drinkbox Studios","3"
"Double Eleven","3"
"Dotemu","3"
"Deep Silver Volition","3"
"Dead Mage","3"
"Dancing Dragon Games","3"
"D-Pad Studio","3"
"Cygames, Inc.","3"
"Curve Studios","3"
"Crytek Studios","3"
"Crew Lab","3"
"Colossal Order","3"
"Clymenia","3"
"Climax Studios","3"
"Circle Poison","3"
"Circle Fairy Flower","3"
"CINEMAX GAMES","3"
"CAPCOM CO., LTD","3"
"Byzantine Games","3"
"Bugbear Entertainment","3"
"Broken Rules","3"
"Bossa Studios","3"
"Boss Baddie","3"
"Blue Byte","3"
"Bloober Team SA","3"
"Black Train","3"
"Black Pants Studio","3"
"Belgerum","3"
"BananaKing","3"
"Back To Basics Gaming","3"
"AVANTGARDE","3"
"attic Entertainment Software GmbH","3"
"Asobo Studio","3"
"Asakiyumemishi","3"
"Arcen Games","3"
"AQUAPLUS","3"
"Anshar Studios","3"
"Alientrap","3"
"2K Marin","3"
"ZOV GAME STUDIO","2"
"Zootfly","2"
"Zombie Studios","2"
"Zetsubou","2"
"Zen Studios","2"
"Zeboyd Games","2"
"Zeboyd Digital Entertainment LLC","2"
"Yumenamakon","2"
"Xaviant","2"
"Wolfire Games","2"
"Wishes Ultd.","2"
"WildTangent","2"
"Warhorse Studios","2"
"Vostok Games","2"
"Vertigo Gaming Inc.","2"
"Vega Casta√±eda","2"
"Vanguard Games","2"
"United Independent Entertainment","2"
"United Front Games","2"
"Undergrad Steve","2"
"Ubisoft Toronto","2"
"Ubisoft Quebec","2"
"Ubisoft Paris","2"
"Ubisoft Bucharest","2"
"Ubisoft  Shangha√Ø","2"
"U-ROOM","2"
"Tyler Glaiel","2"
"Ty Taylor","2"
"Twisted Pixel Games","2"
"Turtle Rock Studios","2"
"Turquoise Revival Games","2"
"Troika Games","2"
"Triskell Interactive","2"
"Trilobyte Games","2"
"TreeFortress Games","2"
"Transhuman Design","2"
"Tomorrow Corporation","2"
"Tiger Style","2"
"Thunder Lotus","2"
"Thorne Games","2"
"The Game Bakers","2"
"The Farm 51","2"
"THE BROTHERHOOD","2"
"The Binary Mill","2"
"The Astronauts","2"
"The Artistocrats","2"
"Terrible Posture Games","2"
"Terri Vellmann","2"
"Terminal Reality","2"
"Tennen-sozai","2"
"Team Jolly Roger","2"
"Team Cherry","2"
"Tango Gameworks","2"
"Syun-kan Flowlighter","2"
"Subsoap","2"
"Subset Games","2"
"Subatomic Studios LLC","2"
"Studio Wildcard","2"
"Studio Pixel","2"
"Studio II","2"
"Strategy First","2"
"Strange Loop Games","2"
"Stranga Games","2"
"Stoic","2"
"State of Play","2"
"Square Enix Montr√©al","2"
"Spooky Doorway","2"
"Space Cat Studios","2"
"Soul Catapult","2"
"Sos Sosowski","2"
"Sokpop Collective","2"
"SnowFlame","2"
"Snowbird Games","2"
"Snapshot Games Inc.","2"
"Snail Games USA","2"
"SmallSqurriel","2"
"Slipgate Ironworks‚Ñ¢","2"
"SkyBox Labs","2"
"SimTex","2"
"Simogo","2"
"Shimobashira Workshop","2"
"Serenity Forge","2"
"Sekerin Productions","2"
"Secret Labo","2"
"Secret Garden","2"
"Sean Young","2"
"Scavengers Studio","2"
"Santa Ragione","2"
"Runner Duck","2"
"RosePortal Games","2"
"Rogue Factor","2"
"Rogue Entertainment","2"
"Rodeo Games","2"
"ROCKFISH Games","2"
"Robert Briscoe","2"
"RLR Training Inc","2"
"Respawn Entertainment","2"
"Remtairy","2"
"Reflections, a Ubisoft Studio","2"
"Red Dot Games","2"
"Red Barrels","2"
"Rain Games","2"
"Radon Labs","2"
"Radical Entertainment","2"
"Radial Games Corp","2"
"Psytec Games Ltd","2"
"ProjectMoon","2"
"Popcannibal","2"
"Polyslash","2"
"Pocketwatch Games","2"
"Pocketpair","2"
"PlayWay S.A.","2"
"Playdead","2"
"Pivotal Games","2"
"Pinokl Games","2"
"People Can Fly","2"
"Paul Cuisset","2"
"PanicBarn","2"
"Panda Indie Studio","2"
"OVERKILL - a Starbreeze Studio.","2"
"Over the Top Games","2"
"Other Ocean Interactive","2"
"Ota Guchi Field","2"
"OSome Studio","2"
"Osmotic Studios","2"
"Offworld","2"
"Numantian Games","2"
"NukGames","2"
"NOVECT","2"
"Nomad Games","2"
"Nival","2"
"Ninja Kiwi","2"
"Night School Studio","2"
"New World Interactive","2"
"Nerial","2"
"NEKO WORKs","2"
"Neko Entertainment","2"
"Narko Games","2"
"Naked Sky Entertainment","2"
"N-Fusion Interactive","2"
"MPS Labs","2"
"Movie Games Lunarium","2"
"Mousechief","2"
"Monolith Productions","2"
"Monolith","2"
"Monkey Moon","2"
"moi rai games","2"
"Mohawk Games","2"
"Misfits Attic","2"
"Mint Age Studios","2"
"Mimimi Games","2"
"Mihai Morosanu","2"
"Mighty Rabbit Studios","2"
"MicroProse Software, Inc.","2"
"Microblast Games","2"
"Messhof","2"
"MC2","2"
"Mazen Games","2"
"Maxis‚Ñ¢","2"
"Maxis","2"
"Massive Monster","2"
"Massive Entertainment","2"
"Malfador Machinations","2"
"Madmind Studio","2"
"Maddy Makes Games Inc.","2"
"Ludosity","2"
"Lucas Pope","2"
"Lovely Pretty Ultra Loving You","2"
"LKA","2"
"Liquid Entertainment","2"
"Lionhead Studios","2"
"Le Cartel Studio","2"
"Lavaflame2","2"
"L7team","2"
"Kyle Seeley","2"
"Kverta","2"
"KOJIMA PRODUCTIONS","2"
"Kingdom Games","2"
"Katauri Interactive","2"
"Kaos Studios","2"
"kamichichi","2"
"Juvty Worlds","2"
"JCKSLAP","2"
"Iridium Studios","2"
"InterWave Studios","2"
"Insomniac Games","2"
"inkle Ltd","2"
"Infinity Plus 2","2"
"Infinite Interactive","2"
"increpare games","2"
"IMGN.PRO","2"
"IllFonic","2"
"Ian Campbell","2"
"hyperboreanGames","2"
"Housemarque","2"
"High Moon Studios","2"
"Hi-Rez Studios","2"
"Heart Machine","2"
"Hazelight Studios","2"
"Grip Digital","2"
"Grinding Gear Games","2"
"Grimlore Games","2"
"Greg Lobanov","2"
"Gray Matter Studios","2"
"GRASSHOPPER MANUFACTURE INC.","2"
"Goblinz Studio","2"
"Glass Bottom Games","2"
"Giants Software","2"
"GhostShark","2"
"Ghost Town Games Ltd.","2"
"gamigo US Inc.","2"
"Gaijin Entertainment","2"
"FYQD-Studio","2"
"Fullbright","2"
"Frontier","2"
"Frogames","2"
"Freejam","2"
"Freehold Games","2"
"Freebird Games","2"
"Free Reign Entertainment","2"
"Fredaikis AB","2"
"Four Quarters","2"
"Four Circle Interactive","2"
"Flynn's Arcade","2"
"Flying Oak Games","2"
"Flow Fire Games","2"
"Flashback Games","2"
"Flaming Fowl Studios","2"
"Fishing Cactus","2"
"Fireproof Games","2"
"Fictiorama Studios","2"
"Facepunch Studios","2"
"Extremely OK Games, Ltd.","2"
"Entertainment Forge","2"
"Enokippu","2"
"Enitvare","2"
"Endnight Games Ltd","2"
"Embark Studios","2"
"Electronic Arts","2"
"Eidos Montreal","2"
"EGAMER","2"
"Efecto Studios","2"
"Eden Industries","2"
"Edelweiss","2"
"Easy game","2"
"Eastshade Studios","2"
"EA Pacific","2"
"EA - Maxis","2"
"Dystopian Project","2"
"Dylan White","2"
"DTP","2"
"Dry Cactus","2"
"Dreamatrix","2"
"Dr PinkCake","2"
"Double Helix Games","2"
"Doseone","2"
"DON'T NOD","2"
"Doctor Entertainment AB","2"
"Digixart","2"
"Devil's Details","2"
"Destructive Creations","2"
"Dennaton Games","2"
"Demonware","2"
"Deep Shadows","2"
"Deconstructeam","2"
"Deck 13","2"
"Days of Wonder","2"
"David OReilly","2"
"David Moralejo S√°nchez","2"
"Darkflow Software","2"
"DarkBasicSoftwareLimited","2"
"Daniel Mullins Games","2"
"Dani","2"
"Daijyobi Institute","2"
"Dagger Games","2"
"D3T","2"
"Cyan Worlds Inc","2"
"Cultic Games","2"
"Cryo Interactive","2"
"Criterion Games","2"
"Crema","2"
"Creative Assembly","2"
"Crate Entertainment","2"
"Crafty Studios","2"
"Cosmo D","2"
"Coreplay GmbH","2"
"Compulsion Games","2"
"Cobra Mobile","2"
"ClockStone","2"
"CINEMAX, s.r.o.","2"
"Chucklefish","2"
"Chromatic Games","2"
"Chris Sawyer Productions","2"
"Choice Provisions","2"
"Cellar Door Games","2"
"CCP","2"
"Cats Who Play","2"
"CaptureAge","2"
"Capcom Vancouver","2"
"CAPCOM CO., LTD.","2"
"Bungie","2"
"Bugbear","2"
"Brilliant Game Studios","2"
"Brainwash Gang","2"
"Born Ready Games Ltd.","2"
"BlueEagle Productions","2"
"Blizzard Entertainment, Inc.","2"
"Blit Software","2"
"Blindflug Studios AG","2"
"Blind Squirrel Games","2"
"Blind Squirrel","2"
"BlackMuffin","2"
"Blackbird Interactive","2"
"Black Forest Games","2"
"Black Cactus","2"
"Bizarre Creations","2"
"BitMonster, Inc.","2"
"Bithell Games","2"
"Bigmoon Studios","2"
"Big Huge Games","2"
"Big Bad Wolf","2"
"BetaDwarf","2"
"Behold Studios","2"
"Beenox","2"
"Bedtime Digital Games","2"
"Bear in the Night","2"
"Bacon Bandit Games","2"
"Auroch Digital","2"
"Atooi","2"
"Asgar Knights","2"
"Armature Studio, LLC","2"
"Arkedo","2"
"Arachnid Games","2"
"Apeiron","2"
"Andrew Morrish","2"
"Almost Human Games","2"
"All in! Games","2"
"Alister Software","2"
"Alan Hazelden","2"
"Akella","2"
"Airtight Games","2"
"ACQUIRE Corp.","2"
"Acid Nerve","2"
"7th Beat Games","2"
"4HEAD Studios","2"
"3D Realms","2"
"2x2 Games","2"
"2K China","2"
"2K Boston","2"
"22cans","2"
"16bit Nights","2"
"Ê∞∏ÊÅÜËâæËéâÁµ≤Â∑•Âùä","2"
"Âè∞ÁÅ£È¶ôËïâÁéã","2"
"Zorro","1"
"Zoom Platform","1"
"Zoink Games","1"
"Zoink","1"
"Zoe Vartanian","1"
"Zo√´ Mode","1"
"Zino","1"
"Zero Gravity","1"
"Zenith Blue","1"
"ZeniMax Online Studios","1"
"ZemunBRE","1"
"Zeekerss","1"
"Zbigniew Ochman","1"
"Zandel Media","1"
"ZackBellGames","1"
"ZA/UM","1"
"Yuke's Co., LTD","1"
"Youthcat Studio","1"
"Young Horses","1"
"YOTSUBANE","1"
"Yosemite Entertainment","1"
"Yeti Trunk","1"
"Yeehaw Games","1"
"YCJY Games","1"
"Yaza Games","1"
"Yasagure Kitsuenjyo","1"
"Yak & Co","1"
"YAGER","1"
"Yacht Club Games","1"
"XYLA Entertainment","1"
"XLGAMES","1"
"xemono","1"
"Xelu","1"
"Xeirel Software","1"
"XD","1"
"Xatrix Entertainment","1"
"X1 Software","1"
"WZOGI","1"
"Wulo Games","1"
"Wube Software LTD.","1"
"WSS playground","1"
"Worldwalker Games LLC","1"
"World Makers","1"
"Wonderstruck","1"
"WOLCEN Studio","1"
"Wizarbox","1"
"Witching Hour Studios","1"
"Witch Beam","1"
"Wise Wizard Games, LLC","1"
"Winter Wolves","1"
"Windforce","1"
"Wilnyl","1"
"Wildfire GameÔºàÊó†Èî°ÈáéÁÅ´Êï∞Â≠óÁßëÊäÄÊúâÈôêÂÖ¨Âè∏Ôºâ","1"
"Wild Shadow Studios","1"
"Wild Factor","1"
"Wicpar","1"
"Wicked Witch","1"
"WhiteMoor","1"
"WhiteMoon Dreams","1"
"WhiteCute","1"
"What Pumpkin Games, Inc.","1"
"Whale Rock Games","1"
"Westwood Pacific","1"
"WeMade","1"
"WeirdBeard","1"
"Weather Factory","1"
"Weappy Studio","1"
"WB Games Montreal","1"
"Wayward Design","1"
"Wavedash Games","1"
"Waterlily Games","1"
"WastedStudios","1"
"WarpFrog","1"
"Warner Bros. Games Montr√©al","1"
"Wargaming.net","1"
"Walt Disney Studios","1"
"Wallpaper Engine Team","1"
"Wallimog & Friends","1"
"Wako Factory","1"
"WaitingIdly","1"
"Waffle","1"
"Wadjet Eye Games","1"
"VRChat Inc.","1"
"Vortex Games","1"
"Void Studios","1"
"VOID Interactive","1"
"Vivid Games S.A.","1"
"Vivid Games","1"
"Vitali Kirpu","1"
"Visual DART Co., Ltd","1"
"Visceral Games","1"
"Virtuos Games","1"
"Virtuos","1"
"Virtual Programming (Linux)","1"
"VipaGames","1"
"Vincent Thiele","1"
"Villa Gorilla","1"
"Vilelab","1"
"Vilaskis","1"
"Videocult","1"
"Victor Solodilov","1"
"Vertex Pop","1"
"vedinad","1"
"Vectorpark","1"
"Vector3 Studio","1"
"Vblank Entertainment, Inc.","1"
"Variable State","1"
"vanripper","1"
"VALOFE","1"
"USERJOY Technology Co.,Ltd.","1"
"Urban Games","1"
"Uppercut Games Pty Ltd","1"
"Upper One Games","1"
"UPLAY Online","1"
"Untame","1"
"United Independent Entertainment GmbH","1"
"Unigine Corp.","1"
"Unfold Games","1"
"Undertow Games","1"
"Uncasual Games","1"
"Unbound Creations","1"
"UN JE NE SAIS QUOI","1"
"Umix Studios","1"
"UMANIMATION","1"
"Umami Tiger (Matthias Linda)","1"
"ULTRA ULTRA","1"
"Ulfsire","1"
"UL Solutions","1"
"Ubisoft Sofia","1"
"Ubisoft Singapore","1"
"Ubisoft Shanghai","1"
"Ubisoft Pune","1"
"Ubisoft Montreal, Red Storm, Shanghai, Toronto, Kiev","1"
"Ubisoft Montreal, Massive Entertainment, and Ubisoft Shanghai","1"
"Ubisoft Montr√©al","1"
"Ubisoft Milan","1"
"Ubisoft Kiev","1"
"Ubisoft Bulgaria","1"
"Ubisoft Belgrade","1"
"Ubisoft Annecy","1"
"Ubisoft - San Francisco","1"
"Tyu","1"
"Typhoon","1"
"Tymon Zgainski","1"
"Two Point Studios","1"
"Twistplay","1"
"Twelve Tiles","1"
"Twelve Games","1"
"TVGS","1"
"Tuxedo Labs","1"
"Turtle Cream","1"
"Tuque Games","1"
"TUNNEL No.73","1"
"tT Studios","1"
"TT Fusion","1"
"Tsukinomizu Project","1"
"TrueThought","1"
"Triternion","1"
"Triple.B.Titles","1"
"TRIP","1"
"Trioskaz","1"
"Trion Worlds","1"
"Trinket Studios","1"
"Trine Studios","1"
"Triangle!","1"
"TRI.G","1"
"Trepang Studios","1"
"Tree Men Games","1"
"TREASURE","1"
"Trashmasters","1"
"TrampolineTales","1"
"Tragnarion Studios","1"
"Toys for Bob","1"
"Toylogic Inc.","1"
"Toxic Dog","1"
"Tour De Pizza","1"
"Toukana Interactive","1"
"Torn Banner Studios","1"
"Topware Interactive","1"
"Toothless T-Rex","1"
"Too Kind Studio","1"
"Tongu√ß Bodur","1"
"Tomoaki Sugeno","1"
"TommahGames","1"
"Tomlab Games","1"
"Tomkorp Computer Solutions Inc.","1"
"Tomi Maarela","1"
"Tomasz Wac≈Çawek","1"
"Tom√°s Batista","1"
"Tolga Ay","1"
"tobyfox","1"
"tobspr Games","1"
"Tobias Springer","1"
"Tobias Sj√∂gren","1"
"ToastieLabs","1"
"Toadman Interactive","1"
"TNT Team","1"
"TML Team","1"
"TLM Partners","1"
"TK Studio","1"
"Titan Forge Games","1"
"tinyBuild","1"
"Tiny Mold","1"
"Tiny Lab Productions","1"
"Timon Herzog","1"
"TikGames","1"
"Tiger and Squid","1"
"Tideturners","1"
"TickTock Games","1"
"Thylacine Studios","1"
"Thunderful","1"
"THS","1"
"THREE ONE ZERO","1"
"Three Gates","1"
"Three Fields Entertainment","1"
"Three Donkeys LLC","1"
"Threaks","1"
"THQ Nordic Barcelona","1"
"Thoughtshelter Games","1"
"Those Awesome Guys","1"
"Thorium","1"
"Thomas Moon Kang","1"
"Thomas M. Visser","1"
"ThirtyThree","1"
"Third Millenium Software","1"
"Thing Trunk","1"
"Theresa Duringer","1"
"thePetHen","1"
"TheLiquidHorse","1"
"Thekla, Inc.","1"
"TheGameCreators","1"
"The Wall Productions Inc.","1"
"The Tiniest Shark","1"
"The Story Mechanics","1"
"The Sims Studio","1"
"The Pixel Hunt","1"
"The Molasses Flood","1"
"The Men Who Wear Many Hats","1"
"The Indie Stone","1"
"The Gentlebros","1"
"The Game Kitchen","1"
"The Future Of Videogames","1"
"The Fun Pimps","1"
"The Fox Knocks","1"
"The Deep End Games","1"
"The Creative Assembly","1"
"The Conjurer's Tower","1"
"The Collective","1"
"The Bitmap Brothers","1"
"The Bearded Ladies","1"
"tha ltd.","1"
"Teyon","1"
"Texel Raptor","1"
"Tetabester","1"
"Test3 Projects","1"
"terunon's Lab","1"
"Terror Dog Studio","1"
"Terrible Toybox","1"
"Tequila Works, S.L.","1"
"tequibo","1"
"Teotl Studios","1"
"Tengsten","1"
"Tendershoot","1"
"TEKUNOS A","1"
"Teeworlds Team","1"
"TECOPARK","1"
"TechnoBrake","1"
"TeamCrew","1"
"Team8 Studio","1"
"Team2Bit","1"
"Team17 Software Ltd.","1"
"Team17 Digital","1"
"Team Wood Games","1"
"Team Tripleslash","1"
"Team Shifty","1"
"Team Salvato","1"
"Team Psykskallar","1"
"Team PEAK","1"
"Team NINJA","1"
"Team ModCom","1"
"Team Meat","1"
"Team Isolation","1"
"Team Indev","1"
"Team Fractal Alligator","1"
"Team Bondi","1"
"Team 6 Studios","1"
"Tasharen Entertainment Inc.","1"
"Tarsier Studios","1"
"Tanya Short","1"
"Tantalus","1"
"Tall Story Studios","1"
"Talha Kaya","1"
"Talentplace","1"
"Taito","1"
"T3Entertainment","1"
"System Erasure","1"
"System Era Softworks","1"
"Synset","1"
"Synaptic Insight Technology Systems","1"
"Sylvain Tegroeg","1"
"Sylv","1"
"SYCK","1"
"Swordtales","1"
"SwordRP5","1"
"Switchblade Monkeys Entertainment","1"
"Sweet Bandits Studios","1"
"Sven Co-op team","1"
"Svarog Studios","1"
"Sushi_soft","1"
"Sushee","1"
"Survios","1"
"Supra Games","1"
"SuperVillain Studios","1"
"SUPERSCARYSNAKES","1"
"Supercombo, Inc.","1"
"Superbrothers","1"
"Super Mega Team","1"
"Super Alex","1"
"Sunhead Games","1"
"Sumo Digital Ltd","1"
"Sukeban Games","1"
"Subvert Games","1"
"Subscience Studios","1"
"Subcreation Studio","1"
"Stygian Software","1"
"StunForge","1"
"Stuffed Wombat","1"
"StudioNAZE","1"
"StudioDobby","1"
"Studio Vrtinec","1"
"Studio Thunderhorse","1"
"STUDIO RADI-8","1"
"Studio Monolith","1"
"Studio MDHR Entertainment Inc.","1"
"Studio Fizbin","1"
"Studio Evil","1"
"Studio Chahut","1"
"Studio Bean","1"
"Stress Level Zero","1"
"Straylight Entertainment","1"
"Stray Kite Studios","1"
"Stray Fawn Studio","1"
"Strategiae","1"
"Stratecade LLC","1"
"Strange Fire","1"
"Storybird","1"
"Stormling Studios","1"
"Stormind Games","1"
"Storm in a Teacup","1"
"Stone Fox Studios","1"
"Stolen Couch Games","1"
"Stitch Heads Entertainment","1"
"Still Games","1"
"Steve Jarman","1"
"Stellar Jockeys","1"
"Stelex Software","1"
"Stegosoft Games","1"
"Steel Sky Productions","1"
"Steel Monkeys","1"
"Steel Crate Games","1"
"Steel Balalaika","1"
"Starward Industries","1"
"Startreming Games","1"
"StarQuail Games","1"
"Starbreeze Studios AB","1"
"Starbreeze","1"
"Star Maid Games","1"
"Star Gem Inc.","1"
"Star Drifters","1"
"StalkerAlex","1"
"Stairway Games","1"
"Stainless Games Ltd.","1"
"Stainless Games Ltd","1"
"Stainless Games","1"
"Stage Games","1"
"Squid In A Box Ltd","1"
"Squad","1"
"Spry Fox LLC","1"
"Spotted Zebra","1"
"Spooky Squid Games Inc.","1"
"Spline Games","1"
"SPLine","1"
"Splashteam","1"
"SpikySnail","1"
"Spiky Crumb","1"
"Spiderling Studios","1"
"Spider Nest Games","1"
"Spicyhorse Games","1"
"Spicy Horse Games","1"
"Sperasoft","1"
"SpeedTutor","1"
"Spectralflame","1"
"sparsevector","1"
"Sparpweed","1"
"Sparkypants Studios, LLC","1"
"Spaces of Play UG","1"
"Spaceboy Games","1"
"Space Boat Studios","1"
"SOUTHPAW GAMES","1"
"Southend","1"
"Sorath","1"
"Sonoshee","1"
"Sonic Team","1"
"Sonic Sloth","1"
"Sonic Powered","1"
"Sometimes You","1"
"S√≥lfar Studios","1"
"Solest Games","1"
"Soleil Ltd.","1"
"SoftWeir Inc.","1"
"SOFF Games","1"
"Social Loner Studios","1"
"Sobaka Studio","1"
"So Romantic","1"
"Snowcastle Games","1"
"Snowblind Studios","1"
"SnoutUp","1"
"snekflat","1"
"Sneaky Yak Studio","1"
"Sneaky Bastards","1"
"Snake Hill Games","1"
"Smoking WOLF","1"
"Smilegate RPG","1"
"Smartly Dressed Games","1"
"Sloclap","1"
"Slitherine Ltd.","1"
"Slick Entertainment Inc.","1"
"SleepyDad Games","1"
"Sleepless Clinic","1"
"Slavic Magic","1"
"Slant Six Games","1"
"Slak Games","1"
"Skyshine Games","1"
"SkyFallen Entertainment","1"
"Skybox Labs","1"
"Skog","1"
"Sketchy Logic","1"
"Ska Studios","1"
"Sixteen Tons Entertainment","1"
"Six Foot","1"
"SITER SKAIN","1"
"Sir-Tech","1"
"Singularity 6 Corporation","1"
"SimBin Studios AB","1"
"Silver Dollar Games","1"
"Silky‚Äôs Plus Alpha","1"
"Silky's Plus Wasabi","1"
"Silkersoft","1"
"Silent Owl","1"
"SIGONO INC.","1"
"Signal Studios","1"
"Sigma Team Inc.","1"
"Siege Camp","1"
"Sidhe","1"
"Sick Puppies","1"
"Shrimpcave Industries","1"
"Shortbreak Studios s.c.","1"
"Shokunin","1"
"Shiver Games","1"
"Shiver","1"
"ShiroKuroSoft","1"
"Shiny Entertainment","1"
"Shining Rock Software LLC","1"
"Shinachiku-castella","1"
"shinachiku-castella","1"
"SHIFT","1"
"ShiBoo!","1"
"Sherlerk","1"
"Shedworks","1"
"Shaun Inman","1"
"Sharpened Edge Studios","1"
"Shadow Planet Productions","1"
"Shadie Hijazi","1"
"SgtOkiDoki","1"
"Serious Brew","1"
"Sergey Dovganovskiy","1"
"Senscape","1"
"Send It Studios","1"
"semiwork","1"
"Semaphore","1"
"SeithCG","1"
"SEGA Studios Australia","1"
"SeeThrough Studios","1"
"Secret Location Inc.","1"
"Secret Exit Ltd.","1"
"Second Face Software","1"
"Second Dinner Studios, Inc.","1"
"Sebastien Bini","1"
"sebagamesdev","1"
"Seaven Studio","1"
"SCT","1"
"Scott Cawthon","1"
"Scientifically Proven","1"
"Schulenburg Software","1"
"Schell Games","1"
"Scarecrow Arts","1"
"Sauropod Studio","1"
"Saturn-plus","1"
"SaraJS","1"
"Santa Monica Studio","1"
"Sandstorm Productions","1"
"SANDLOT","1"
"Sandfall Interactive","1"
"SandCastles Studio","1"
"Sandbox Interactive GmbH","1"
"Sand Sailor Studio","1"
"Sand Door Studio","1"
"Samurai Punk","1"
"Sam Barlow","1"
"Salmi Games","1"
"Saki Minoru","1"
"sakevisual","1"
"SadSquare Studio","1"
"Sad Owl Studios","1"
"Sabotage","1"
"S.C. 16 BIT NIGHTS S.R.L.","1"
"Ryan Forrester","1"
"RVX","1"
"RVL Games","1"
"Rusty Moyher","1"
"RunServer","1"
"Running With Scissors","1"
"RuneStorm","1"
"RuneHeads","1"
"Runeforge Game Studio","1"
"Ruffian Games","1"
"RubyDev","1"
"Rubeki Games","1"
"Rosebud Games","1"
"Room710Games","1"
"Rollin'Barrel","1"
"Rogueside","1"
"Rogue Snail","1"
"Rogue Planet Games","1"
"Rogue Earth LLC","1"
"Roger Levy","1"
"Roenko Games","1"
"Rockstar Toronto","1"
"Rockstar Studios","1"
"Rockstar San Diego","1"
"Rockstar New England","1"
"Rockstar Leeds","1"
"Rocketcat Games","1"
"RocketBrush Games","1"
"Rocket Science","1"
"Rocket Bear Games","1"
"Rock Pocket Games","1"
"RobTop Games","1"
"Robotronic Games","1"
"Robotality","1"
"Robot Loves Kitty","1"
"Robot Circus","1"
"ROBI Studios","1"
"Robert Alvarez","1"
"Rob Lach","1"
"Rival Games Ltd","1"
"Rising Star Games","1"
"Right Nice Games","1"
"Richard Keene","1"
"Rice Cooker Republic","1"
"Rhinotales","1"
"RewindApp","1"
"Reverie Foundry","1"
"RetroLab","1"
"Retro64, Inc.","1"
"Retro Affect","1"
"Respawn","1"
"Resonair","1"
"Reply Game Studios","1"
"Replay Studios","1"
"Renƒó Petrulienƒó","1"
"Rendercode Games","1"
"Related Designs","1"
"Rekim","1"
"Reikon Games","1"
"Refract","1"
"Reflections","1"
"Redshift Games","1"
"RedRuins Softworks","1"
"Redro Games","1"
"Redlynx Ltd","1"
"Redemption Road","1"
"RedCandleGames","1"
"Redbeet Interactive","1"
"Red Hook Studios","1"
"Red Fly Studio","1"
"Red Beard Games","1"
"Recreate Games","1"
"Recoil Games","1"
"Reckoner Industries","1"
"Rebuilt Games","1"
"Rebound CG","1"
"Realm Archive","1"
"Reactor Zero","1"
"Reactive Drop Team","1"
"Re-Logic","1"
"Razenpok","1"
"Raymond Doerr","1"
"Raxasoft Games","1"
"RavenSoft","1"
"Ratloop Asia","1"
"Rat King Entertainment","1"
"Rascal Devworks","1"
"Rare Ltd","1"
"Rangatang","1"
"Random Thoughts Entertainment","1"
"Random Seed Games","1"
"RageSquid","1"
"Ragequit Corporation","1"
"Radical Fish Games","1"
"R8 Games Ltd","1"
"Qwiboo Ltd","1"
"qureate","1"
"quicktequila","1"
"Quicksilver Software","1"
"Quick nail Aristocrat","1"
"Queasy Games","1"
"Quantized Bit","1"
"Quadriga Games","1"
"quad games","1"
"Qooc Software","1"
"QCF Design","1"
"PyroTechnix","1"
"Pyramid","1"
"Pwnee Studios","1"
"Puzzling Dream","1"
"PUSH! Soft","1"
"Purple Lamp Studios","1"
"Purple Lamp","1"
"Puppygames","1"
"Puny Human","1"
"Pugstorm","1"
"PUBG Corporation","1"
"Psyonix LLC","1"
"Psydra Games LLC","1"
"Proxy Studios","1"
"Proton Studio Inc","1"
"Protocol Games","1"
"Proletariat Inc.","1"
"Profenix Studio SRLS","1"
"Prism Game Studios Ltd.","1"
"Press Play","1"
"Powerhoof","1"
"Power of 2","1"
"Pow Wow Entertainment LTD.","1"
"Pounce Light","1"
"potato-life","1"
"Positech Games","1"
"Poppermost Productions","1"
"Poolians.com","1"
"Pontypants","1"
"poncle","1"
"Polytron Corporation","1"
"PolyPusher Studios","1"
"Polymorph Games","1"
"Polygon Moon","1"
"Polyarc","1"
"Poly Games","1"
"PokPoong Games","1"
"Plukit","1"
"Playtonic Games","1"
"Playtika Ltd.","1"
"Playsport Games","1"
"PlaySide","1"
"Playsaurus","1"
"Playrix Entertainment","1"
"PLAYISM","1"
"Player First Games","1"
"Playboom","1"
"Playa Games GmbH","1"
"PlatinumGames Inc.","1"
"Planetary Annihilation Inc","1"
"Planet Pandemic","1"
"Planet Moon Studios","1"
"Planet Alpha ApS","1"
"Placeholder Gameworks","1"
"Pjural","1"
"Pixpil","1"
"PixelTail Games","1"
"Pixelsplit","1"
"Pixelnest Studio","1"
"PixelMouse","1"
"Pixellore Inc","1"
"Pixeljam","1"
"Pixelatto","1"
"Pixel Titans","1"
"Pixel Pointer Studios","1"
"Pixel Hero Games","1"
"Pixel Forest Games","1"
"Pixel Ferrets","1"
"Pixel Dash Studios","1"
"Pixel Crow","1"
"Pixadome","1"
"Pipeworks Studios","1"
"Pillow Castle","1"
"Pigmentum Game Studio","1"
"Pierre Corbinais","1"
"Pieces Interactive","1"
"Piece of Cake studios","1"
"Picroma","1"
"PICOPICOSOFT","1"
"Ê†ópick","1"
"Phr00t's Software","1"
"Phosfiend Systems","1"
"Phoenix Online Studios","1"
"Phobia Game Studio","1"
"Phobetor","1"
"PhillyGames","1"
"Philip","1"
"Phenomenon Games","1"
"Pewter Games Studios","1"
"Petit Depotto","1"
"Pete Andstadt","1"
"Perverteer Games","1"
"Perfectly Paranormal","1"
"Perfect Random","1"
"Perchang","1"
"peperoncino","1"
"Pearl Abyss","1"
"Peachy Keen Games","1"
"PEACH CAT","1"
"PD Design Studio","1"
"Pawe≈Ç Dywelski","1"
"Paul Fisch","1"
"Patrick Traynor","1"
"Pathea Games","1"
"PartTimeIndie","1"
"Parallel Circles","1"
"Paradox Tinto","1"
"Parabole","1"
"PaperSeven LTD","1"
"Panzar Studio","1"
"PantyParrot","1"
"Pantumaca Barcelona","1"
"Pantsu Interactive","1"
"Panic Machine","1"
"Panic Art Studios Ltd","1"
"Pandorica","1"
"P.+","1"
"Oxide Games","1"
"Oxeye Game Studio","1"
"Owned by Gravity","1"
"Owlcat Games","1"
"Owl Cave","1"
"Ovosonico","1"
"Ovid Works","1"
"OVERDRIVE","1"
"Over The Moon","1"
"OutOfTheBit Ltd","1"
"Outerminds Inc.","1"
"Out of the Park Developments","1"
"Out of the Blue Games","1"
"Ouadi Huard","1"
"Osumia Games","1"
"Oskar St√•lberg","1"
"Oscar ""Ratvader"" Rydelius","1"
"Orthogonal Games","1"
"Orion","1"
"Orgesta Inc.","1"
"Oreol","1"
"Orcsoft","1"
"Opus","1"
"Onu Games","1"
"OnSkull Games","1"
"Oni Gaming","1"
"onebitbeyond","1"
"Omsi","1"
"Olydri Games","1"
"Olli Harjola, Otto Hantula, Tom Jubert, Carlo Castellano","1"
"OlderBytes","1"
"Old School Games","1"
"Okomotive","1"
"OhNoo Studio","1"
"Odyssey Interactive","1"
"Octane Games","1"
"Ocelot Society","1"
"OCEAN Software","1"
"ObsessionSoft","1"
"o_m","1"
"Nyamakop","1"
"NVYVE¬Æ Studios","1"
"Nupu Neko Dev","1"
"Number None","1"
"Nuko Majin","1"
"Nuke Nine","1"
"Nucleosys","1"
"NuclearFirecracker","1"
"Nowhere Studios","1"
"Novalink","1"
"Nova Dimension","1"
"Noumenon Games","1"
"Noumena Studios","1"
"Nostalgia Hound","1"
"North Wind","1"
"North of Earth","1"
"NorbSoftDev","1"
"Norb Software Development LLC","1"
"Nomada Studio","1"
"Nolla Games","1"
"NoClip","1"
"Noble Empire Corp.","1"
"No More Room in Hell Team","1"
"No Matter Studios","1"
"No Future","1"
"no CVT","1"
"No Code","1"
"No Ceiling Games","1"
"No Brakes Games","1"
"NLT Media","1"
"Nixxes Software","1"
"ninjalex","1"
"Nine Dots Studio","1"
"Nimble Neuron","1"
"Nimble Giant Entertainment","1"
"Nik Nak Studios","1"
"Nihilistic Software","1"
"NIGORO","1"
"Night Node Software","1"
"Night Node","1"
"Nifflas' Games","1"
"Nifflas Games","1"
"Nicol√°s Recabarren","1"
"niceplay games","1"
"NGD Studios","1"
"nFusion Interactive","1"
"Nexus Game Studios","1"
"NEXT Studios","1"
"Next Stage Inc.","1"
"NEXON Games Co., Ltd.","1"
"NEXON","1"
"newobject","1"
"New Generation Games","1"
"Neversoft","1"
"Neutron Games","1"
"NetherRealm Studios, High Voltage","1"
"Nether Productions, LLC","1"
"Nerd Monkeys","1"
"NEOWIZ","1"
"Neon Studios","1"
"Neon Deity Games","1"
"NeoCoreGames","1"
"Nekolyst","1"
"Necrophone Games","1"
"Neat Corporation","1"
"Nearga","1"
"Ndemic Creations","1"
"NCSOFT","1"
"Nate Schmold","1"
"natahem","1"
"Napoleon Games, s.r.o.","1"
"NAMCO","1"
"Nabi Studios","1"
"N3V Games","1"
"Mystik'Art","1"
"Myoubouh Corp","1"
"Myco","1"
"MY.GAMES","1"
"My Next Games","1"
"Murudai","1"
"MURA Interactive","1"
"Mr. Pink","1"
"MovingBlocks","1"
"Mousou Endemic","1"
"Mouldy Toof Studios","1"
"Motion Twin","1"
"Motiga Inc.","1"
"Mosu","1"
"Mostly Tigerproof","1"
"Most Wanted Entertainment","1"
"MOR Museum Inc.","1"
"Moppin","1"
"Moonlit Works","1"
"Moonlit S.A.","1"
"MonteBearo","1"
"Monstars Inc.","1"
"Monomi Park","1"
"Monogon Games","1"
"Monochrome, Inc","1"
"MONKEYCRAFT Co. Ltd.","1"
"Mommy's Best Games","1"
"MogDogBlog Productions","1"
"Modern Dream","1"
"Mode4","1"
"Mode 7","1"
"Mobius Digital","1"
"MoaCube","1"
"Mixel","1"
"Mixamo","1"
"MINTROCKET","1"
"Minskworks","1"
"Minority Media Inc.","1"
"Minor Key Games","1"
"MinMax Games Ltd.","1"
"MiniBoss","1"
"Mine Loader Software Co., Ltd.","1"
"Mindware Studios","1"
"Mindillusion","1"
"Mind Over Matter Studios","1"
"Milky Way","1"
"Milkstone Studios","1"
"Mikeypoo's Games","1"
"Mikanbatake","1"
"Mihiraghi","1"
"Mighty Rocket Studio","1"
"Midnight Pleasure","1"
"Midnight Forge LTD","1"
"Midnart","1"
"Midgar Studio","1"
"MidBoss, LLC.","1"
"Microsoft Game Studios","1"
"MicroProse","1"
"Microids Studio Paris","1"
"Microbird Games","1"
"Michael Todd Games","1"
"Michael Swan","1"
"Michael Bell","1"
"Mi'pu'mi Games GmbH","1"
"Mi-Clos Studio","1"
"metricminds GmbH & Co KG","1"
"Metanet Software Inc.","1"
"Metamorf","1"
"Metalhead Software Inc.","1"
"mesetts","1"
"Meridian4","1"
"Membraine Studios","1"
"Melos Han-Tani","1"
"Megastorm Games","1"
"Megagon Industries","1"
"MEGAFUZZ","1"
"Megadev","1"
"Mega Crit","1"
"Meagan Malone","1"
"McKay","1"
"Maxim Karpenko","1"
"MaxEstLa","1"
"Max Inferno","1"
"Matter Team","1"
"Matt Grimm","1"
"Matt Dabrowski","1"
"Mastiff","1"
"Mastfire Studios Pty Ltd","1"
"Massive Entertainment ‚Äì A Ubisoft Studio","1"
"Maschinen-Mensch","1"
"Marvelous, Inc.","1"
"MarpleGames","1"
"Mark Healey","1"
"Marina Kittaka","1"
"MarcialART","1"
"Manekoware","1"
"Mandragora","1"
"Main Tank Software","1"
"Magiko Gaming","1"
"MagicalTimeBean","1"
"MAGES. Inc.","1"
"MadSushi Games","1"
"Madruga Works","1"
"Madlab Software","1"
"Madgarden","1"
"Mad Vulture Games","1"
"Mad Fellows","1"
"Maciej Targoni","1"
"Lupiesoft","1"
"LunaSoft","1"
"Lunarch Studios","1"
"Lunar Software","1"
"Lunar Ray Games","1"
"Lukke","1"
"Luke Dodds","1"
"Luka Nieto","1"
"Ludomotion","1"
"Ludochip","1"
"Ludeon Studios","1"
"Luden.io","1"
"Lucky Mountain Games","1"
"Lucky Frame","1"
"Lucid11 Interactive","1"
"Lucid Games","1"
"Lovely Hellplace","1"
"Love in Space","1"
"Love Conquers All Games","1"
"Loren Bednar","1"
"Longbow Games","1"
"Long Hat House","1"
"Lonely Troops","1"
"Loiste Interactive","1"
"Logic Artists","1"
"Lofty Sky Entertainment Inc.","1"
"Locomotivah","1"
"Locomalito","1"
"Locked Door Puzzle","1"
"LocalThunk","1"
"Lo-Fi Games","1"
"Lizardcube","1"
"Littlefield Studio","1"
"Little Stone Software","1"
"Little Green Men Games","1"
"Little Big MMO","1"
"Little Big Lee","1"
"Liquid Dragon Studios","1"
"Lion Shield, LLC","1"
"Lindsay Jorgensen","1"
"Lince Works","1"
"Limbic Entertainment","1"
"Limasse Five","1"
"LiLiM","1"
"Lightmare Studio","1"
"Light Echo","1"
"Light Brick Studio","1"
"Licorice","1"
"Li Changchun","1"
"Lewdlab","1"
"Lewd Mewd","1"
"LevelHead","1"
"LEVEL5 Inc.","1"
"Level Up Labs, LLC","1"
"Lesta Studio","1"
"Lesson of Passion","1"
"Lesley Dodd","1"
"Lepioid LLC","1"
"Leo B","1"
"Lemon Sky Studios","1"
"Leikir Studio","1"
"Lee Shang Lun","1"
"League of Geeks","1"
"Leadwerks Software","1"
"Lazy Bum Games","1"
"Lazy Bear Games","1"
"Lazy 8 Studios","1"
"Lawrence Russell","1"
"Laura Shigihara","1"
"Laughing Machines","1"
"Last Day of Work","1"
"Laser Guided Games, LLC","1"
"Lapovich","1"
"Landfall West","1"
"landfall","1"
"Lab Zero Games","1"
"Kylotonn Entertainment","1"
"Kylotonn","1"
"Kyle Pulver","1"
"KW Studios","1"
"Kupaa Games","1"
"Kujirabo„ÄÇ","1"
"Kudosoft","1"
"KT Racing","1"
"Krome Studios","1"
"Krealit","1"
"Kozhakov","1"
"KovaaK Games","1"
"Kot in Action Creative Artel","1"
"Kool2Play","1"
"Konstantin Koshutin","1"
"Konfa Games","1"
"Konami Digital Entertainment","1"
"KOG Co. Ltd.","1"
"Kloonigames","1"
"Klabater","1"
"KK Game Studio","1"
"Kitty","1"
"Kitfox Games","1"
"Kite Games","1"
"Kiro'o Games","1"
"KIRA LLC","1"
"Kinmoku","1"
"Kinetic Novels","1"
"Kinetic Games","1"
"Kindly Beast","1"
"Kilted Camel","1"
"KillHouse Games","1"
"KHB-Soft","1"
"Keybol","1"
"Kevin Maxon","1"
"Kerry Fawdray","1"
"KeroQ","1"
"Ker","1"
"KeokeN Interactive","1"
"Kenny Sun and Friends","1"
"Kenny Sun","1"
"Keen Software House","1"
"Keen Games GmbH","1"
"Keen Games","1"
"KDV Games","1"
"kChamp Games","1"
"Kayabros","1"
"Kanoe","1"
"kamti","1"
"Kamichichi","1"
"Kaizen Game Works","1"
"Kaio Meris","1"
"Kagura Games","1"
"KADOKAWA GAMES / GRASSHOPPER MANUFACTURE","1"
"Kabuk Games","1"
"JW","1"
"Justin Nafziger","1"
"Jundroo, LLC","1"
"jumpsuit entertainment UG (haftungsbeschr√§nkt)","1"
"Jump Over The Age","1"
"Jukio","1"
"Jujubee S.A.","1"
"Juggler Games","1"
"Juggernaut Games","1"
"Ê®ÇÁ£öJoy Brick","1"
"Journey Bound Games","1"
"Jorge Rodriguez","1"
"Jongwoo Kim","1"
"Jonathan BRASSAUD","1"
"Jonas Kyratzes","1"
"John Cimino","1"
"Johannes Gotl√©n","1"
"Joey Drew Studios","1"
"Joakim Sandberg","1"
"Jim Guthrie","1"
"Jetpack Interactive","1"
"Jeffrey Klinicke","1"
"Jasper Byrne","1"
"Jason Godbey","1"
"Jake Huhman","1"
"Jagex Ltd","1"
"Jagex Limited","1"
"Jae Lee Productions","1"
"Jacob Leach","1"
"Jacob Janerka","1"
"Ivy Sly","1"
"Ivory Tower in collaboration with Ubisoft Reflections","1"
"Ivory Tower","1"
"Italo Games","1"
"It's happening","1"
"isTom Games Kft.","1"
"Isak J Martinsson","1"
"Isa Hutchinson","1"
"Irresponsible Games","1"
"IronZog","1"
"Ironwood Studios","1"
"Ironward","1"
"Ironsun Studios","1"
"IronOak Games","1"
"IRONMACE","1"
"Ironhide Game Studio","1"
"Ironclad Games Corporation","1"
"Iron Lore Entertainment","1"
"Iron Gate AB","1"
"Iron Galaxy Studios","1"
"Irisfield","1"
"IR Studio","1"
"IonFX","1"
"ION LANDS","1"
"Iocaine Studios","1"
"Invincibles Studio Ltd","1"
"InvertMouse","1"
"Invent4 Entertainment","1"
"Inusuku","1"
"Interplay Inc.","1"
"Interceptor Entertainment","1"
"Interactive Stone","1"
"InterAction studios","1"
"Insane Unity","1"
"Innersloth","1"
"Inlet Pipe Productions","1"
"Ink Stains Games","1"
"Infuse Studio","1"
"INFOMEDIJI d.o.o.","1"
"Infinite Monkeys Entertainment Ltd.","1"
"Infinite Fall","1"
"Infinitap Games","1"
"Indoor Astronaut","1"
"Indefatigable","1"
"Immunity Studios","1"
"Illusion Softworks","1"
"IguanaBee","1"
"Igara Studio","1"
"Icetesy","1"
"Iceflake Studios","1"
"I-Illusions","1"
"I Fight Bears","1"
"Hypnohead","1"
"HyperSloth","1"
"Hyper Hippo Games","1"
"HYOGO ONIMUSHI","1"
"Hutlihut Games","1"
"HUSH Interactive","1"
"Hunter Studio","1"
"Hunted Cow Studios","1"
"Hunted Cow Games","1"
"HuniePot","1"
"Humble North","1"
"Humble Hearts LLC","1"
"Humanhead Studios","1"
"Human Head Studios","1"
"huki damari","1"
"https://lazy8studios.com","1"
"HRA INTERACTIVE","1"
"House House","1"
"H√∂rberg Productions","1"
"HopFrog","1"
"Honor Code, Inc.","1"
"HONEYSOFT","1"
"Honeyslug","1"
"HomeBearStudio","1"
"Home Net Games","1"
"Homa Design","1"
"Holy Warp","1"
"Holospark","1"
"Hologryph","1"
"Holden Boyles","1"
"Hitcents","1"
"Hitbox Team","1"
"Hinterland Studio Inc.","1"
"Hilltop Studios","1"
"Hidden Variable Studios","1"
"Hidden Fields","1"
"Hibernian Workshop","1"
"HFM Games","1"
"Hevipelle","1"
"Heuristic Park","1"
"Heroic Leap Games","1"
"HeroCraft PC","1"
"Hero Concept","1"
"Hentai Room","1"
"Hempuli Oy","1"
"Hemisphere Games","1"
"Hellscape Games","1"
"Hedge Knight Games","1"
"Heaven Studios","1"
"Head West","1"
"HE SAW","1"
"Hazelight Studio","1"
"Hassey Enterprises, Inc.","1"
"Harmorise","1"
"Happy Monster Studio","1"
"Handyman Studios","1"
"HandyGames","1"
"Hanako Games","1"
"Hanabira","1"
"Hammerfall Publishing","1"
"Hammer Labs","1"
"Hammer Glass Studio Inc.","1"
"Halfbus","1"
"Gyroscope Games","1"
"GUTS Department","1"
"Guru Games","1"
"Gunpowder Games, Inc.","1"
"Gun Interactive","1"
"Gummy Cat","1"
"Guerrilla Games","1"
"Guerrilla","1"
"Grzegorz Slazinski","1"
"Gryzor87","1"
"GrizzlyGames","1"
"Grizzly Wolf Games LLC","1"
"GRIN","1"
"Grey Havens","1"
"Greenheart Games üíö","1"
"GreatherGames","1"
"Great War Team","1"
"Graveck","1"
"Grasshopper Manufacture","1"
"Grapeshot Games","1"
"Google","1"
"GoodbyeWorld Games","1"
"Good Games","1"
"Gone North Games","1"
"Golgoth Studio","1"
"GoldenGod Games","1"
"Going Loud Studios","1"
"Goblobin","1"
"Goblin Council","1"
"Gnomic Studios","1"
"GlyphX Games","1"
"Glyph Worlds","1"
"Glowfish Interactive","1"
"Gloomywood","1"
"Glitchr Studio","1"
"Glitch Pitch","1"
"Gl33k","1"
"Gizmo VR LTD","1"
"GIANTS Software","1"
"Giant Squid","1"
"Giant Enemy Crab","1"
"Giant Army","1"
"Ghost Ship Games","1"
"GFX47","1"
"Geometric Interactive","1"
"Geoff Keighley","1"
"Geoff 'Zag' Keene","1"
"Gentlymad Studios","1"
"Geniaware Srl","1"
"Gears for Breakfast","1"
"Gausswerks","1"
"Gaterooze, Ink","1"
"GapTax","1"
"Games With Dragons In","1"
"Games Incubator","1"
"Games by Malcs","1"
"Gamerizon","1"
"Gamepires","1"
"GameORE","1"
"GameDevLab","1"
"GameConnect","1"
"Gameclaw Studio","1"
"GameChanger Studio","1"
"Game-Labs","1"
"Game Swing","1"
"Game Smithing Limited","1"
"Game Mechanics LLC","1"
"Game in a Bottle","1"
"Game Grumps","1"
"Game Distillery s.r.o.","1"
"Game Atelier","1"
"Gambrinous","1"
"Galvanic Games","1"
"GalaxyTrail","1"
"Galactic Cafe","1"
"Gaijin Entertainment Corporation","1"
"Gaggle Studios, Inc.","1"
"Gabriel Priske","1"
"GabberGames.com","1"
"G3 Community Patch Team","1"
"FX Bilodeau","1"
"FUZZYEYES","1"
"Future Cat LLC","1"
"Funktronic Labs","1"
"Funkitron","1"
"Funday Games","1"
"Funatics Software","1"
"Fun Punch Games","1"
"Full Control Studios","1"
"From Soy Sauce LLC","1"
"Freegamer","1"
"Freedom Factory","1"
"Free Games Info","1"
"FreakZone Games","1"
"Freakinware Studios","1"
"Fraoula","1"
"FragOut","1"
"Forgotten Key","1"
"Fool's Theory","1"
"Focus Entertainment","1"
"FNTASTIC","1"
"Fluttermind, LLC","1"
"Florian Himsl","1"
"Flippfly LLC","1"
"FlatRedBall","1"
"Flat Software","1"
"Flat Earth Games","1"
"Flat Chest Dev","1"
"Flashbulb","1"
"Flamebait Games","1"
"Fishlabs Entertainment GmbH","1"
"Fishing Planet LLC","1"
"FirstSpark Games","1"
"Fireplace Games","1"
"FireFly Studios","1"
"Fire Hose Games","1"
"Finji","1"
"Finish Line Games","1"
"Final Form Games","1"
"Final Boss Entertainment","1"
"Filip Victor","1"
"Fiddlesticks Games","1"
"Fiction Factory Games","1"
"FibreTigre","1"
"Fernando Ramallo","1"
"Fergify","1"
"Feral Interactive (Linux/Mac)","1"
"Feral interactive (Linux)","1"
"Feral Cat Den","1"
"FCG","1"
"Faultline Games","1"
"Faton","1"
"FarmerGnome","1"
"Far From Home","1"
"Fantasy Flight Games","1"
"Fancy Games","1"
"Fallen Tree Games Ltd","1"
"Fallen Flag Studio","1"
"Fakt Software","1"
"FakeFish","1"
"Fabraz","1"
"Eyedentity Games","1"
"Eyebrow Interactive","1"
"Extend Studio","1"
"Expression Games","1"
"Explosm Games","1"
"Explosive Squat Games","1"
"Expansive Worlds","1"
"Exordium Games","1"
"EXOR Studios","1"
"Exor Studios","1"
"Exkee","1"
"exaheva","1"
"Evil Twin Artworks","1"
"Evil Tortilla Games","1"
"Evil Raptor","1"
"Evil Mojo Games","1"
"EVGA","1"
"Everything Unlimited Ltd.","1"
"Everguild Ltd.","1"
"Event Horizon Studios","1"
"Evan (Solidplasma) Peiperl","1"
"Euphoric Brothers","1"
"Etter Studio","1"
"√âtienne P√©rin","1"
"Estoty","1"
"Estelion","1"
"Erik Sved√§ng","1"
"Erik Asmussen","1"
"Erica Lahaie","1"
"Eric Chahi","1"
"Eremite Games","1"
"Epic Works","1"
"Enzo Whyte","1"
"Entwell Co., Ltd.","1"
"Entrada Interactive LLC","1"
"Enter Skies","1"
"Enigami","1"
"Enhance","1"
"Engine Software BV","1"
"Endlessfluff Games","1"
"Endless Project Games","1"
"Endava","1"
"Empyrean","1"
"Empty Clip Studios","1"
"EM Games","1"
"Elliott Jones","1"
"Elixir Studios","1"
"Elias Viglione","1"
"Elf Games","1"
"Eleventh Hour Games","1"
"electrolyte","1"
"Elder Games","1"
"El Huervo / Niklas √Ökerblad","1"
"Eko Software","1"
"Eidos Studio Hungary","1"
"Eidos Interactive","1"
"Egidijus Bachur","1"
"Eggnut","1"
"Eek! Games, LLC","1"
"Eduard Mirica","1"
"Edge of Reality","1"
"Ed Key and David Kanaga","1"
"Eclipse Games","1"
"Eazie","1"
"Eathrabaria","1"
"Eat Create Sleep","1"
"EasyGameStation","1"
"EarthWork Games","1"
"Early Morning Studio","1"
"Eagle Dynamics SA","1"
"EA Redwood Shores","1"
"E-Studio","1"
"E-Line Media","1"
"DYSTOPIAN","1"
"Dynamix","1"
"Dylan Fitterer","1"
"DVS","1"
"Durven Studios","1"
"Duoyi Games","1"
"Dungeoneering Studios","1"
"dtp","1"
"droqen","1"
"Drooskati Games","1"
"Drool","1"
"Driving Force Games","1"
"Driven Arts","1"
"Drive Beyond Horizons","1"
"DriftyGames","1"
"Dreamworlds","1"
"Dreamsite Games","1"
"Dreams Uncorporated","1"
"Dreampainters","1"
"DREAMFEEL","1"
"Dream Sloth Games","1"
"Dreadlocks Ltd.","1"
"Draw Distance","1"
"Dr. Kimberly Voll","1"
"Doublesix Games","1"
"doublesix","1"
"DoubleDutch Games","1"
"Double Zero One Zero","1"
"Double Dagger Studio","1"
"Double Action Factory","1"
"DotEmu","1"
"DOPPELGESICHT","1"
"DONTNOD ELEVEN","1"
"Donkey Crew","1"
"Dominique Grieshofer","1"
"Domesticated Ant Games","1"
"Dom","1"
"Dogubomb","1"
"Dodge Roll","1"
"DNVR Prod","1"
"DL Softworks","1"
"Disparity Games","1"
"Dinosaur Polo Club","1"
"Dingaling Productions","1"
"Dimps Corporation","1"
"Diminished Studios","1"
"Dim Bulb Games","1"
"DigitalDNA Games","1"
"Digital Tentacle","1"
"Digital Sun","1"
"Digital Reality Software & Playbox","1"
"Digital Furnace Games","1"
"Digital Eel","1"
"Digital Dreams","1"
"Digital Dawn Studios","1"
"Digerati Distribution","1"
"dieselmine","1"
"Dialogue Design","1"
"Denis Novikov","1"
"Demigiant","1"
"Delusional Games","1"
"Dejima","1"
"Defiant Development","1"
"Defence Alliance Team","1"
"Deep Games LLC","1"
"Deck Nine Games","1"
"Deca Live Operations GmbH","1"
"Deadpan Games","1"
"DeadDevsTellNoLies","1"
"Dead Drop Studios LLC","1"
"Daylight Studios","1"
"Day 1 Studios","1"
"David Kanaga","1"
"Data Realms","1"
"Darkworks","1"
"Darklight Games","1"
"Dark Water Studios Ltd","1"
"Dark Gaia Studios","1"
"Dark Fox","1"
"Dark Energy Digital Ltd.","1"
"Daring Touch","1"
"DANKIE","1"
"Daniel Paul Griffin","1"
"Daniel Oliveira Carneiro","1"
"Daniel Linssen","1"
"Dani Navarro","1"
"Dan & Gary Games","1"
"Dan  Walters","1"
"Dale Turner","1"
"Daisu Games","1"
"D3T Limited","1"
"Czester16","1"
"Cybernetic Walrus","1"
"CyberConnect2 Co. Ltd.","1"
"Cybele","1"
"Cyanide Montreal","1"
"Cyan Inc.","1"
"Curious Planet","1"
"Curiobot","1"
"Cube Roots","1"
"CtrlMovie","1"
"CSR-Studios","1"
"Cryptic Studios","1"
"Crunching Koalas","1"
"Crows Crows Crows","1"
"Crowbar Collective","1"
"Cross-Product","1"
"Cross Eaglet","1"
"Crocodile Entertainment","1"
"Crescent Moon Games","1"
"Creoteam","1"
"Creobit","1"
"CreativeForge Games","1"
"Creative Assembly, PC Port - Hardlight","1"
"Creaky Corpse Ltd","1"
"Crazy Viking Studios","1"
"Crazy Rocks","1"
"Crazy House","1"
"Crater Studios","1"
"Crasleen Games","1"
"Crackshell","1"
"Counterplay Games Inc.","1"
"Cosmic Engineers","1"
"Cornfox & Brothers Ltd.","1"
"Contingent99","1"
"Conifer Games","1"
"ConcernedApe","1"
"Computerhouse","1"
"Complex Games","1"
"comcept Inc.","1"
"Comcept","1"
"Colossal Games","1"
"Colossai Studio","1"
"Colin Northway with art by Thomas Shahan","1"
"Colibri Games","1"
"Coldwood Interactive","1"
"Cold Beam Games","1"
"Coilworks","1"
"Coffeenauts","1"
"Codemasters Racing","1"
"Codemasters Birmingham","1"
"Codemasters Action Studio","1"
"Codeglue","1"
"Codebyfire","1"
"Code}{atch","1"
"Code Headquarters LLC","1"
"Code Club AB","1"
"Cockroach Inc.","1"
"CM Studio","1"
"Clockwork Acorn","1"
"Clockstone","1"
"Clock Wizard Games","1"
"Cloak and Dagger Games","1"
"Clifftop Games","1"
"Cliffhanger Productions","1"
"Clickteam","1"
"Clever Endeavour Games","1"
"Clara Lehenaff","1"
"Claeysbrothers","1"
"Circle Gyu","1"
"Ciprian Stanciu","1"
"Cicada Games","1"
"Chuck Productions","1"
"Christophe Galati","1"
"Chris Hecker","1"
"Chocolate Liberation Front","1"
"Chimeric","1"
"Chibig","1"
"Chewa","1"
"Cheerdealers","1"
"Chasing Carrots","1"
"Charlie Oscar Lima Tango Interactive Entertainment","1"
"Chaos Concept","1"
"Chandler Rounsley","1"
"Chance Agency","1"
"ChAIR Entertainment","1"
"Certain Affinity‚Ñ¢","1"
"Ceri Williams","1"
"Centauri Production","1"
"Cemil Tasdemir","1"
"CellStudios","1"
"Celery Emblem‚Ñ¢","1"
"CE-Asia","1"
"CAVYHOUSE","1"
"Cavetap","1"
"Cavalier Game Studios","1"
"Cat Daddy Games","1"
"Carlsen Games","1"
"Cardboard Computer","1"
"Carbon","1"
"Carbomb Software","1"
"Capybara Games","1"
"Capybara","1"
"Cape Guy Ltd","1"
"Capcom Game Studio Vancouver, Inc.","1"
"Capcom Game Studio Vancouver","1"
"CAPCOM","1"
"Canberk Demir","1"
"Campo Santo","1"
"Camila Mattos","1"
"Camel 101","1"
"Caged Element Inc.","1"
"Cabygon","1"
"C3SK","1"
"Bytten Studio","1"
"Butterscotch Shenanigans","1"
"Burian Media Enterprises","1"
"Bunstack","1"
"Bulwark Studios","1"
"Bullets","1"
"BULKHEAD","1"
"Bulbware","1"
"Buka Entertainment","1"
"BUGBEAR","1"
"Buff Studio","1"
"Bud of Lupine","1"
"Brushfire Games","1"
"Broken Window Studios","1"
"Brilliant Skies Ltd.","1"
"Brightside Games","1"
"Brightrock Games","1"
"Breaking Fourth","1"
"Breakfall","1"
"BrazMonkey Studio","1"
"Brave At Night","1"
"BrashMonkey","1"
"Bram Ruiter","1"
"Brainwashing Games","1"
"Brainshape Games","1"
"Brain&Brain","1"
"Brain Slap Studio","1"
"Brace Yourself Games","1"
"Boros Bros","1"
"Born Ready Games","1"
"Bootsnake Games","1"
"Booming Tech","1"
"Bony Yousuf","1"
"Boneloaf","1"
"Bombservice","1"
"Bomb Shelter Games","1"
"Bob","1"
"Blunt Games","1"
"BlueTwelve Studio","1"
"BlueLine Games","1"
"Bluehole, Inc.","1"
"Bluebutton Games","1"
"Blue Omega Entertainment","1"
"Blue Manchu","1"
"Blue Mammoth Games","1"
"Bloober Team","1"
"Blobfish","1"
"BlitWorks","1"
"BlinkWorks Media","1"
"Blender Foundation","1"
"Blazing Griffin","1"
"Blazing Fanfish","1"
"Blaster","1"
"BlankMediaGames","1"
"Blackpowder Games","1"
"BlackPixel Studio","1"
"BlackMill Games","1"
"Blackmill Games","1"
"BlackMark Studio","1"
"Blacklight Interactive","1"
"Blackhole","1"
"Black Wing Foundation","1"
"Black Sea Studios Ltd","1"
"Black Lab Games","1"
"Black Jacket Studios","1"
"Black Isle Studios","1"
"Black Eye Games","1"
"Black Element","1"
"BL-Logic","1"
"Bits & Beasts","1"
"Bitrich.info","1"
"Bitmap Brothers","1"
"Bitbeast Games","1"
"Bit Kid, Inc.","1"
"Bit Blot, LLC","1"
"Bippinbits","1"
"Binary Zoo","1"
"Binary Takeover","1"
"Bimboosoft Co.,Ltd.","1"
"Billy Basso","1"
"BigWednesday","1"
"Big Sandwich Games","1"
"Big Robot Ltd","1"
"Big Green Pillow","1"
"Big Finish Games","1"
"Big Fat Alien","1"
"Bidaj","1"
"Beyond-Limits-Games","1"
"Berserk Games","1"
"Bermuda Computer Club","1"
"Bennett Foddy","1"
"Benjamin Davis","1"
"Behaviour Interactive Inc.","1"
"Behaviour Interactive","1"
"BeHappy Studios","1"
"BeautiFun Games","1"
"Beautiful Glitch","1"
"Bazooka Tango","1"
"Battlefield Studios","1"
"Batholith Entertainment","1"
"Bastinus Rex","1"
"Basilisk Games","1"
"Barribob","1"
"Barrel Roll Games","1"
"Barbedwire Studios","1"
"BANDAI NAMCO Studio Inc.","1"
"BANDAI NAMCO Studio","1"
"BANDAI NAMCO Entertainment Inc.","1"
"BancyCo","1"
"Bae Team","1"
"Bad Pixel","1"
"Axis Game Factory LLC","1"
"Awesome Games Studio","1"
"Awe Interactive","1"
"AWAR","1"
"Awaceb","1"
"Avalanche Software","1"
"Autonomic Interactive","1"
"AutoAttack Games","1"
"Aurora Studio","1"
"Aurogon Shanghai","1"
"Auren Snyder","1"
"Aurelien Regard Games","1"
"Aurelien Regard","1"
"AtomTeam","1"
"Atomic Elbow","1"
"Atmosphere Entertainment Studios","1"
"ATICO","1"
"Atelier Choice","1"
"Atelier 801","1"
"Ata T√ºrkoƒülu","1"
"Astral Byte Ltd.","1"
"Asteroid Base","1"
"asraworks","1"
"Aspyr Studios","1"
"Aspyr Media (remastered version)","1"
"Aspyr (Mac, Linux, & Windows Update)","1"
"Ason","1"
"Artplant","1"
"Artisiti","1"
"ARTDINK","1"
"Art in Heart","1"
"Ars Goetia","1"
"ArrowSoftGames","1"
"Aron Miller","1"
"ArkHouse","1"
"Arbitrary Metric","1"
"Arberth Studios","1"
"Apus Software","1"
"Aprico Koubou","1"
"Applimazing","1"
"Appeal Studios","1"
"ApocalypseToday","1"
"AP Thomson","1"
"Anvil Game Studios","1"
"AnukenDev","1"
"Antimatter Games","1"
"Anteater Games","1"
"Antanas Marcelionis","1"
"ansdor","1"
"Another Story","1"
"Ankokumarimo","1"
"Ankama Games","1"
"Anisoptera Games","1"
"Animu Game","1"
"Angela He","1"
"Angela Game","1"
"Angel Matrix","1"
"Anegar Games","1"
"Andy Makes","1"
"Anduo Games","1"
"AndrewMD5","1"
"Andrew Rowe","1"
"Anarteam","1"
"Amplify Creations","1"
"Amicable Animal","1"
"Amethyst Quarter","1"
"Amelore","1"
"Ambiera e.U.","1"
"Amaranth Games, LLC","1"
"Altfuture","1"
"Altar Games","1"
"Alt Shift","1"
"AlphaNuts","1"
"alpha six productions","1"
"Almighty Games","1"
"Alligator Pit","1"
"All Parts Connected","1"
"Alkemi","1"
"Alien Jellyfish","1"
"Alexey Davydov","1"
"Alexander Bruce","1"
"Alex Rose","1"
"Aleksey Abramenko","1"
"Alawar Stargaze (Warm Lamp Games)","1"
"Alawar Entertainment","1"
"AisStew","1"
"Airship Syndicate","1"
"Agharta Studio","1"
"Aggro Crab","1"
"Afterthought LLC","1"
"Afterburner Studios","1"
"Aether Studios","1"
"Adventure Planning Service","1"
"Adriaan de Jongh","1"
"adamgryu","1"
"Adam Spragg","1"
"Adam Murgittroyd","1"
"Activision Shanghai","1"
"Active Gaming Media Inc.","1"
"Actalogic","1"
"Act 3 Games, LLC","1"
"Accidental Queens","1"
"Aburasobabiyori","1"
"aburasobabiyori","1"
"Abstraction","1"
"Absorb Reality","1"
"Abrakam Entertainment SA","1"
"Abbey Games","1"
"A Shell in the Pit","1"
"A Jolly Corpse","1"
"A Crowd of Monsters","1"
"8Floor","1"
"800 North and Digital Ranch","1"
"773","1"
"5th Cell Media","1"
"505 Games","1"
"5 Lives Studios","1"
"5 Bits Games","1"
"4G","1"
"38 Studios","1"
"3 Sprockets","1"
"2K Czech","1"
"2dengine","1"
"2D BOY","1"
"24 Caret Games","1"
"1C: Maddox Games","1"
"17-BIT","1"
"14¬∞ East","1"
"10th Art Studio","1"
"1047 Games","1"
"10 Chambers","1"
"@unepic_fran","1"
"@CarlosGameDev","1"
"][ Games Inc","1"
"Ê∑±Áà™Ë≤¥Êóè","1"
"ÊàëÂ∏´Áà∂ÁöÑÂæíÂÖí","1"
"ÂÜ∑Á¨ëÈªëÂ¶ñ","1"
"‰∏äÊµ∑ÁÉõÈæô‰ø°ÊÅØÁßëÊäÄÊúâÈôêÂÖ¨Âè∏","1"
"„Å®„Çâ„ÅÑ„ÅÇ„Çì„Åê„ÇãÔºÅ","1"
"„Å§„Åç„Åø„Åü„Åë","1"
"„ÅÜ„Çì„Åì„É¢„É™„É¢„É™‰∏∏","1"
